INSERT INTO Vendor
(Name, Address, Email, Password, Contact)
VALUES
(' AURORA TECH','Shop 107, Andheri East, Mumbai, Maharashtra','aurora.tech.mh@gmail.com','Ind@901','9876543210'),
(' BLAZE MART','Shop 122, Whitefield, Bengaluru, Karnataka','blazemart.blr@gmail.com','Ind@902','9887654321'),
(' BRANDORA','Shop 13, Indiranagar, Bengaluru, Karnataka','brandora.ind@gmail.com','Ind@903','9898765432'),
(' DEJURE INDIA','Shop 21, Bandra West, Mumbai, Maharashtra','dejure.ind@gmail.com','Ind@904','9812345678'),
(' EXECUTIVE GEAR','Shop 258, Hinjewadi Phase 2, Pune, Maharashtra','executive.gear@gmail.com','Ind@905','9823456789'),
(' GALAXY HUB','Shop 33, Jayanagar 4th Block, Bengaluru, Karnataka','galaxyhub.jnr@gmail.com','Ind@906','9834567890'),
(' GOAL STORE','Shop 53, Baner Road, Pune, Maharashtra','goalstore.pune@gmail.com','Ind@907','9845678901'),
(' GORSI INDIA','Shop 75, Salt Lake Sector V, Kolkata, West Bengal','gorsi.ind@gmail.com','Ind@908','9856789012'),
(' HAROON TRADERS','Shop 9, Shivaji Nagar, Pune, Maharashtra','haroon.traders@gmail.com','Ind@909','9867890123'),
(' HZ WINKEL INDIA','Shop A68, HSR Layout, Bengaluru, Karnataka','hzwinkel.ind@gmail.com','Ind@910','9878901234'),
(' ICON MART','Office 12, Gomti Nagar, Lucknow, Uttar Pradesh','iconmart.lko@gmail.com','Ind@911','9889012345'),
(' JUST CLICK','Office 26, Alambagh, Lucknow, Uttar Pradesh','justclick.lko@gmail.com','Ind@912','9890123456'),
(' KYACHAHIYE INDIA','Office 30, Anna Nagar, Chennai, Tamil Nadu','kyachahiye.ch@gmail.com','Ind@913','9801234567'),
(' LAHORE BAZAR INDIA','Office 42, T Nagar, Chennai, Tamil Nadu','lahorebazar.ind@gmail.com','Ind@914','9812345679'),
(' CITY MALL','Office 21, New Town, Kolkata, West Bengal','citymall.nt@gmail.com','Ind@915','9823456790'),
(' LAWN MASTER INDIA','Office 28, Velachery, Chennai, Tamil Nadu','lawnmaster.ch@gmail.com','Ind@916','9834567901'),
(' BHUTTA MOBILES','Office 41, Thane West, Mumbai, Maharashtra','bhuttamobiles.mh@gmail.com','Ind@917','9845679012'),
(' BRANDED INDIA','Office 31, Wakad, Pune, Maharashtra','branded.ind@gmail.com','Ind@918','9856780123'),
(' BUY THINGS','Office 11, Howrah, Kolkata, West Bengal','buythings.hw@gmail.com','Ind@919','9867891234'),
(' CLICK SOFT','Office 6, Electronic City, Bengaluru, Karnataka','clicksoft.ec@gmail.com','Ind@920','9878902345'),
(' CLICKY INDIA','Office 2, Yelahanka, Bengaluru, Karnataka','clicky.ind@gmail.com','Ind@921','9889013456'),
(' CONNEXION MART','Office 22, Gariahat, Kolkata, West Bengal','connexion.kol@gmail.com','Ind@922','9890124567'),
(' CRAZY PRICES','Office 5, Hadapsar, Pune, Maharashtra','crazyprices.pn@gmail.com','Ind@923','9801235678'),
(' DATTA EXPRESS','Office 32, Nashik Road, Nashik, Maharashtra','dattaexpress.mh@gmail.com','Ind@924','9812346789'),
(' DIGITAL BAZAAR','Office 29, Powai, Mumbai, Maharashtra','digitalbazaar.pow@gmail.com','Ind@925','9823457890'),
(' DIGITAL SANITY','Office 30, Koramangala, Bengaluru, Karnataka','digitalsanity.kor@gmail.com','Ind@926','9834568901'),
(' DIGITAL SHOP','Office 43, Park Street, Kolkata, West Bengal','digitalshop.pk@gmail.com','Ind@927','9845679013'),
(' EE MART','Office 13, Aminabad, Lucknow, Uttar Pradesh','eemart.lko@gmail.com','Ind@928','9856780124'),
(' ELECTO TRENDS','Office 27, Tambaram, Chennai, Tamil Nadu','electotrends.ch@gmail.com','Ind@929','9867891235'),
(' GAD TECH INDIA','Office 1, Kalyan East, Mumbai, Maharashtra','gadtech.ind@gmail.com','Ind@930','9878902346'),
(' GADGET ZONE','Office 34, JP Nagar, Bengaluru, Karnataka','gadgetzone.jp@gmail.com','Ind@931','9889012347'),
(' GADGETFAM','Office 17, BTM Layout, Bengaluru, Karnataka','gadgetfam.btm@gmail.com','Ind@932','9890123458'),
(' GADGET LOUNGE','Office 40, Aundh, Pune, Maharashtra','gadgetlounge.pn@gmail.com','Ind@933','9801234569'),
(' GADGETS MANIA','Office 16, Anna Salai, Chennai, Tamil Nadu','gadgetsmania.ch@gmail.com','Ind@934','9812345670'),
(' GADGETS ROOM','Office 25, Madipakkam, Chennai, Tamil Nadu','gadgetsroom.ch@gmail.com','Ind@935','9823456781'),
(' GOLDEN MOBILE','Office 41, Dadar East, Mumbai, Maharashtra','goldenmobile.ddr@gmail.com','Ind@936','9834567892'),
(' GOODSHOP INDIA','Office 19, Rajarhat, Kolkata, West Bengal','goodshop.ind@gmail.com','Ind@937','9845678903'),
(' HOME SHOPPING','Office 39, Vashi, Navi Mumbai, Maharashtra','homeshopping.nm@gmail.com','Ind@938','9856789014'),
(' IT SOLUS','Office 2, Noida Sector 62, Uttar Pradesh','itsolus.noida@gmail.com','Ind@939','9867890125');

